Class Name,Source Image,Target Image,Similarity
0_train,42703.png,24444.png,0.0
0_train,38106.png,42703.png,0.00040358305
0_train,42703.png,28016.png,0.000860095
0_train,37678.png,42703.png,0.0012055039
0_train,38106.png,8449.png,0.0014383197
0_train,42703.png,50344.png,0.0014639497
0_train,19744.png,42703.png,0.0014900565
0_train,42703.png,32575.png,0.0019038916
0_train,12748.png,42703.png,0.002491653
0_train,42703.png,13830.png,0.0025904775
0_train,42703.png,41030.png,0.0028443336
0_train,24444.png,8449.png,0.0030500293
0_train,42703.png,7409.png,0.003156364
0_train,51490.png,42703.png,0.0035051703
0_train,51415.png,42703.png,0.003539145
0_train,1102.png,37921.png,0.0036144257
0_train,42703.png,17122.png,0.0037688017
0_train,42703.png,51866.png,0.0038754344
0_train,42703.png,10372.png,0.0039131045
0_train,12150.png,42703.png,0.0039585233
0_train,51228.png,42703.png,0.004411876
0_train,42703.png,246.png,0.004615307
0_train,26308.png,42703.png,0.0047364235
0_train,42703.png,12764.png,0.004776299
0_train,41696.png,42703.png,0.00488925
0_train,37921.png,23120.png,0.0048912764
0_train,4994.png,42703.png,0.0049650073
0_train,59557.png,42703.png,0.0050521493
0_train,34064.png,42703.png,0.0050839186
0_train,1102.png,8449.png,0.0051014423
0_train,14840.png,42703.png,0.0051544905
0_train,42703.png,51638.png,0.005589485
0_train,39960.png,42703.png,0.005651891
0_train,42703.png,22063.png,0.006071985
0_train,27328.png,42703.png,0.0063334703
0_train,42703.png,2606.png,0.006453216
0_train,7050.png,42703.png,0.006479025
0_train,42703.png,17485.png,0.006566763
0_train,36783.png,24444.png,0.0066188574
0_train,47470.png,42703.png,0.006717205
0_train,50042.png,42703.png,0.007144153
0_train,59653.png,1102.png,0.007313192
0_train,42703.png,18586.png,0.0076078773
0_train,3734.png,59653.png,0.0076258183
0_train,42703.png,29230.png,0.00783366
0_train,17064.png,42703.png,0.00791347
0_train,36783.png,51228.png,0.008073568
0_train,8449.png,3734.png,0.008356452
0_train,8449.png,13830.png,0.008416951
0_train,57963.png,42703.png,0.008420467
0_train,42703.png,31695.png,0.00902158
0_train,27865.png,37921.png,0.009240925
0_train,26178.png,42703.png,0.009286761
0_train,46680.png,42703.png,0.009325266
0_train,37619.png,42703.png,0.009375811
0_train,37714.png,42703.png,0.009488046
0_train,21874.png,42703.png,0.009880424
0_train,8449.png,34014.png,0.010091543
0_train,37921.png,5144.png,0.010246098
0_train,47294.png,42703.png,0.010264277
0_train,42703.png,22306.png,0.010437071
0_train,42703.png,6468.png,0.010726452
0_train,42703.png,39446.png,0.010735571
0_train,42703.png,14559.png,0.011474609
0_train,42703.png,3376.png,0.011533499
0_train,44656.png,8449.png,0.011536956
0_train,1590.png,42703.png,0.011768699
0_train,43602.png,42703.png,0.011819363
0_train,28414.png,42703.png,0.011968315
0_train,42703.png,38494.png,0.011972725
0_train,44656.png,37921.png,0.012195051
0_train,22111.png,42703.png,0.01232183
0_train,23136.png,42703.png,0.012475073
0_train,42703.png,30748.png,0.012498856
0_train,40286.png,42703.png,0.012732744
0_train,42703.png,31180.png,0.012743533
0_train,51490.png,37921.png,0.012779415
0_train,42448.png,8449.png,0.01278621
0_train,42703.png,16705.png,0.012868106
0_train,37921.png,246.png,0.012917638
0_train,42703.png,37559.png,0.012983978
0_train,42703.png,55556.png,0.0131492615
0_train,8449.png,19664.png,0.013267398
0_train,25518.png,42703.png,0.013389647
0_train,38335.png,42703.png,0.013809562
0_train,11860.png,42703.png,0.0138296485
0_train,54486.png,37921.png,0.013883233
0_train,47914.png,42703.png,0.013957143
0_train,42703.png,8812.png,0.014084756
0_train,51228.png,8449.png,0.014087498
0_train,38106.png,34919.png,0.014141321
0_train,12374.png,42703.png,0.014146149
0_train,44777.png,37921.png,0.014217019
0_train,25942.png,42703.png,0.014557779
0_train,28992.png,42703.png,0.015253067
0_train,45455.png,1102.png,0.015286982
0_train,33673.png,42703.png,0.015643775
0_train,31716.png,42703.png,0.015829742
0_train,37921.png,5830.png,0.016029
0_train,37921.png,43554.png,0.016053498
1_train,27793.png,31727.png,0.0
1_train,38415.png,31727.png,0.0
1_train,31727.png,29609.png,0.0
1_train,41956.png,31727.png,0.0004285574
1_train,31727.png,19176.png,0.00054371357
1_train,31727.png,12230.png,0.00095897913
1_train,31727.png,56071.png,0.0010241866
1_train,31727.png,47796.png,0.0015234947
1_train,31727.png,3592.png,0.0015777946
1_train,13449.png,31727.png,0.0020375252
1_train,48573.png,31727.png,0.002603531
1_train,21601.png,14016.png,0.00267452
1_train,43897.png,31727.png,0.0028546453
1_train,35995.png,31727.png,0.0028879046
1_train,31727.png,32204.png,0.0040072203
1_train,26587.png,31727.png,0.0051721334
1_train,31727.png,38487.png,0.0052245855
1_train,31727.png,22349.png,0.0056898
1_train,58591.png,31727.png,0.005999744
1_train,31727.png,58561.png,0.0061364174
1_train,31365.png,31727.png,0.006221831
1_train,41823.png,21601.png,0.0062230825
1_train,4566.png,31727.png,0.006548345
1_train,13617.png,31727.png,0.006824136
1_train,31727.png,36085.png,0.006919503
1_train,30607.png,31727.png,0.00697881
1_train,13785.png,31727.png,0.007486522
1_train,39049.png,31727.png,0.0077055693
1_train,31727.png,31751.png,0.008274496
1_train,31727.png,38425.png,0.008275449
1_train,31727.png,19070.png,0.008443296
1_train,21601.png,17664.png,0.008536935
1_train,6568.png,31727.png,0.008544266
1_train,31727.png,1665.png,0.008555293
1_train,31727.png,35907.png,0.008643031
1_train,42494.png,21601.png,0.009002328
1_train,15451.png,31727.png,0.0090405345
1_train,8402.png,21601.png,0.009088695
1_train,31727.png,33354.png,0.009260058
1_train,31727.png,35945.png,0.009341538
1_train,34617.png,31727.png,0.009478629
1_train,31727.png,13266.png,0.009576619
1_train,7317.png,31727.png,0.009817064
1_train,31727.png,21554.png,0.009958804
1_train,39785.png,31727.png,0.010232806
1_train,31727.png,9013.png,0.010587275
1_train,14228.png,21601.png,0.010682762
1_train,31727.png,56057.png,0.0106860995
1_train,30721.png,31727.png,0.011003733
1_train,13372.png,31727.png,0.011119425
1_train,31727.png,57037.png,0.011176586
1_train,31727.png,52822.png,0.011302531
1_train,31727.png,13788.png,0.011652589
1_train,31727.png,43025.png,0.01170218
1_train,25758.png,31727.png,0.011927128
1_train,31727.png,58586.png,0.012171686
1_train,38449.png,31727.png,0.012358904
1_train,31727.png,56991.png,0.012771487
1_train,31727.png,26610.png,0.012775898
1_train,31727.png,40504.png,0.012883723
1_train,6851.png,31727.png,0.012933433
1_train,31357.png,31727.png,0.013082206
1_train,9430.png,21601.png,0.0131620765
1_train,31727.png,43553.png,0.013237357
1_train,31727.png,6709.png,0.013388634
1_train,31727.png,21697.png,0.013616025
1_train,59958.png,31727.png,0.013970435
1_train,44661.png,31727.png,0.013992548
1_train,31727.png,46029.png,0.014150739
1_train,47327.png,31727.png,0.0142816305
1_train,31597.png,31727.png,0.014283419
1_train,21166.png,31727.png,0.014324546
1_train,21751.png,31727.png,0.014408648
1_train,31727.png,54071.png,0.01456368
1_train,22066.png,21601.png,0.014588833
1_train,17637.png,31727.png,0.01479131
1_train,31727.png,6745.png,0.014860213
1_train,31727.png,43887.png,0.014923334
1_train,31727.png,6108.png,0.014947176
1_train,23280.png,31727.png,0.015167952
1_train,48184.png,21601.png,0.01523757
1_train,31727.png,52051.png,0.015288293
1_train,31727.png,56081.png,0.015319049
1_train,35367.png,31727.png,0.015360594
1_train,23543.png,31727.png,0.015642762
1_train,31727.png,3431.png,0.01579529
1_train,33394.png,21601.png,0.01580149
1_train,2619.png,31727.png,0.01581788
1_train,25540.png,21601.png,0.015822768
1_train,50232.png,21601.png,0.01590538
1_train,56123.png,31727.png,0.015939832
1_train,31727.png,8664.png,0.015969574
1_train,31727.png,29615.png,0.016083956
1_train,46089.png,31727.png,0.01622194
1_train,21601.png,27396.png,0.016533136
1_train,31012.png,31727.png,0.016605735
1_train,31727.png,42786.png,0.016610265
1_train,20563.png,31727.png,0.016947925
1_train,31727.png,18053.png,0.017142475
1_train,7315.png,31727.png,0.017169893
2_train,32561.png,24360.png,0.02166146
2_train,52109.png,35947.png,0.022578895
2_train,27791.png,27367.png,0.02453798
2_train,29967.png,45779.png,0.025590599
2_train,32751.png,29967.png,0.026628256
2_train,47966.png,35947.png,0.026760876
2_train,18845.png,32751.png,0.02813071
2_train,33930.png,46001.png,0.028484643
2_train,22112.png,39899.png,0.028781414
2_train,1900.png,27791.png,0.02906996
2_train,18514.png,35947.png,0.030244172
2_train,29967.png,32561.png,0.030450046
2_train,33930.png,29967.png,0.030539513
2_train,32561.png,18845.png,0.030805051
2_train,35947.png,1988.png,0.031121612
2_train,35947.png,20710.png,0.0317142
2_train,24360.png,31188.png,0.031878054
2_train,29967.png,39470.png,0.03200543
2_train,27791.png,49106.png,0.032075226
2_train,36942.png,27791.png,0.03208065
2_train,35947.png,24939.png,0.032092154
2_train,54350.png,27791.png,0.032115817
2_train,31709.png,27791.png,0.03259927
2_train,55011.png,35947.png,0.03262937
2_train,35927.png,55011.png,0.032678246
2_train,29967.png,35947.png,0.03286636
2_train,1852.png,33930.png,0.03289354
2_train,27791.png,27451.png,0.032921195
2_train,27791.png,42341.png,0.033145785
2_train,29967.png,22500.png,0.03320241
2_train,23038.png,27791.png,0.033361495
2_train,16166.png,29967.png,0.033550262
2_train,46001.png,35927.png,0.03368169
2_train,27791.png,4518.png,0.033700168
2_train,29967.png,58409.png,0.034109175
2_train,27791.png,25238.png,0.034182668
2_train,18845.png,27475.png,0.034282804
2_train,29967.png,9203.png,0.034322977
2_train,55011.png,45957.png,0.034357727
2_train,29967.png,35927.png,0.034402728
2_train,55011.png,35909.png,0.03445059
2_train,58409.png,24360.png,0.03451121
2_train,1900.png,55011.png,0.034557343
2_train,27791.png,32627.png,0.034871876
2_train,35947.png,46001.png,0.03503084
2_train,35947.png,1852.png,0.035171986
2_train,13330.png,29967.png,0.035211563
2_train,35927.png,27791.png,0.03535396
2_train,29967.png,41710.png,0.0354082
2_train,27791.png,55170.png,0.035461605
2_train,35947.png,24971.png,0.035494328
2_train,27393.png,27791.png,0.03553313
2_train,29967.png,49090.png,0.035561144
2_train,29967.png,866.png,0.03556162
2_train,47354.png,35947.png,0.03560424
2_train,32751.png,27791.png,0.03575152
2_train,44502.png,27791.png,0.035794437
2_train,35090.png,27791.png,0.035876513
2_train,5307.png,35947.png,0.03588915
2_train,5307.png,33930.png,0.035913825
2_train,57104.png,29967.png,0.035966873
2_train,10514.png,29967.png,0.036078513
2_train,15948.png,29967.png,0.03622055
2_train,45779.png,54981.png,0.03631234
2_train,29967.png,25574.png,0.036327958
2_train,57142.png,27791.png,0.036350787
2_train,58098.png,27791.png,0.036388636
2_train,27791.png,32763.png,0.03663397
2_train,32561.png,27791.png,0.036639094
2_train,1374.png,35947.png,0.03665495
2_train,29967.png,24786.png,0.036696732
2_train,27791.png,56598.png,0.03671044
2_train,27791.png,43794.png,0.036762238
2_train,55011.png,33930.png,0.036798477
2_train,29967.png,27475.png,0.036834955
2_train,55011.png,19602.png,0.037019193
2_train,53585.png,33930.png,0.03723532
2_train,56168.png,27791.png,0.037248075
2_train,56598.png,55011.png,0.03729999
2_train,27791.png,27138.png,0.03744322
2_train,32212.png,35947.png,0.037443876
2_train,53585.png,35947.png,0.037455797
2_train,20742.png,29967.png,0.037561774
2_train,23018.png,27791.png,0.037585378
2_train,35161.png,35927.png,0.037628055
2_train,11738.png,27791.png,0.037645757
2_train,5307.png,866.png,0.037709355
2_train,28944.png,35947.png,0.0379076
2_train,7428.png,29967.png,0.037917852
2_train,42373.png,27791.png,0.03797239
2_train,27791.png,7413.png,0.03797829
2_train,22606.png,27791.png,0.037979364
2_train,10707.png,22112.png,0.038060963
2_train,19602.png,27791.png,0.038212895
2_train,41710.png,59734.png,0.0382303
2_train,27791.png,16729.png,0.038271368
2_train,33591.png,46001.png,0.038273156
2_train,27393.png,29839.png,0.03831768
2_train,27791.png,35456.png,0.038416564
2_train,54981.png,54078.png,0.038420618
3_train,53570.png,18986.png,0.0353384
3_train,13831.png,13713.png,0.03842956
3_train,52129.png,23490.png,0.041726053
3_train,34048.png,17062.png,0.043210387
3_train,32688.png,52129.png,0.044336617
3_train,52394.png,52129.png,0.045108795
3_train,52129.png,47618.png,0.047086537
3_train,11693.png,57474.png,0.047248125
3_train,22522.png,11693.png,0.047614515
3_train,14916.png,11693.png,0.04776597
3_train,11583.png,17062.png,0.04788947
3_train,31703.png,11693.png,0.047968328
3_train,11693.png,21112.png,0.04812044
3_train,52129.png,51274.png,0.048321545
3_train,34048.png,52404.png,0.04839909
3_train,39851.png,14266.png,0.048962653
3_train,52014.png,53570.png,0.049189985
3_train,9074.png,34048.png,0.04979843
3_train,2092.png,52129.png,0.049880445
3_train,12812.png,1872.png,0.05008006
3_train,11545.png,57474.png,0.05016941
3_train,11545.png,2074.png,0.050195396
3_train,3684.png,34048.png,0.05042517
3_train,25034.png,33510.png,0.0506711
3_train,14266.png,11545.png,0.050730467
3_train,21112.png,39851.png,0.050970674
3_train,2092.png,11693.png,0.05111897
3_train,52129.png,228.png,0.051734447
3_train,59980.png,13713.png,0.05196607
3_train,17062.png,25034.png,0.05202192
3_train,12812.png,31745.png,0.052027643
3_train,2092.png,39851.png,0.05207795
3_train,16954.png,31345.png,0.052242935
3_train,11747.png,17062.png,0.052392483
3_train,52404.png,11693.png,0.052534282
3_train,2074.png,11693.png,0.052571476
3_train,43552.png,11693.png,0.05279231
3_train,17062.png,11693.png,0.05283618
3_train,14266.png,11705.png,0.053049564
3_train,33510.png,52129.png,0.053317368
3_train,3684.png,11693.png,0.053459466
3_train,54798.png,34048.png,0.053518116
3_train,48258.png,52129.png,0.053758144
3_train,31345.png,46070.png,0.0540812
3_train,23490.png,39851.png,0.05420035
3_train,2092.png,52281.png,0.05432403
3_train,46134.png,12812.png,0.05506879
3_train,23412.png,2092.png,0.055076957
3_train,39871.png,53570.png,0.0551641
3_train,1260.png,11693.png,0.055203676
3_train,23412.png,14266.png,0.055260062
3_train,12812.png,26358.png,0.05535382
3_train,11583.png,37690.png,0.05546868
3_train,21038.png,12812.png,0.055552065
3_train,11545.png,33510.png,0.055590153
3_train,52404.png,11583.png,0.056204677
3_train,14028.png,13713.png,0.05633557
3_train,57919.png,13713.png,0.056544542
3_train,11693.png,17712.png,0.05661738
3_train,33510.png,11583.png,0.05667293
3_train,52129.png,52272.png,0.056825936
3_train,2092.png,28757.png,0.05698377
3_train,21112.png,18049.png,0.05699277
3_train,52129.png,26412.png,0.05706954
3_train,11693.png,18244.png,0.05707556
3_train,20016.png,53570.png,0.057086766
3_train,28757.png,57474.png,0.05711007
3_train,11693.png,41776.png,0.05714166
3_train,9074.png,11545.png,0.057182968
3_train,41776.png,11545.png,0.057243645
3_train,2092.png,11545.png,0.05729264
3_train,23412.png,57474.png,0.057314813
3_train,14266.png,52129.png,0.057466984
3_train,41453.png,32688.png,0.057473958
3_train,13969.png,21112.png,0.057498932
3_train,4836.png,31345.png,0.05752349
3_train,32688.png,11747.png,0.057523668
3_train,13713.png,49467.png,0.057555735
3_train,11545.png,54798.png,0.05756992
3_train,12153.png,53570.png,0.057802916
3_train,52129.png,39706.png,0.05791515
3_train,12812.png,26866.png,0.05797565
3_train,228.png,18049.png,0.058019996
3_train,32234.png,11693.png,0.058086634
3_train,23490.png,13983.png,0.058131874
3_train,11545.png,32688.png,0.058137417
3_train,18049.png,2092.png,0.058154643
3_train,54798.png,12812.png,0.058169186
3_train,57474.png,18986.png,0.058175325
3_train,52940.png,9074.png,0.058200717
3_train,11693.png,31667.png,0.058318377
3_train,14266.png,18986.png,0.058395088
3_train,11747.png,21946.png,0.058421135
3_train,32688.png,39851.png,0.058422327
3_train,31345.png,43942.png,0.058426857
3_train,35180.png,11583.png,0.058466256
3_train,50012.png,53570.png,0.058562696
3_train,57474.png,11583.png,0.058630705
3_train,3201.png,2092.png,0.058903515
3_train,11583.png,2074.png,0.05899781
4_train,1004.png,4952.png,0.027944267
4_train,31114.png,32830.png,0.028175533
4_train,6810.png,16068.png,0.028541744
4_train,17576.png,54452.png,0.029534996
4_train,17576.png,6810.png,0.030244768
4_train,54452.png,18551.png,0.030641496
4_train,6810.png,17926.png,0.03234476
4_train,24514.png,31114.png,0.032375693
4_train,55490.png,17406.png,0.03276342
4_train,31114.png,33726.png,0.033340573
4_train,6810.png,53363.png,0.03341484
4_train,17576.png,40288.png,0.033531666
4_train,49398.png,31114.png,0.03354305
4_train,6810.png,10626.png,0.033763826
4_train,15376.png,6810.png,0.033792734
4_train,6810.png,31114.png,0.03422612
4_train,31114.png,28706.png,0.034249187
4_train,30536.png,31114.png,0.034294426
4_train,4952.png,6810.png,0.03432256
4_train,6810.png,18551.png,0.034407973
4_train,5936.png,17576.png,0.034511447
4_train,40288.png,18551.png,0.034522712
4_train,12922.png,24018.png,0.034552574
4_train,1440.png,54452.png,0.035067856
4_train,6810.png,12418.png,0.03538245
4_train,6810.png,1440.png,0.035566747
4_train,31114.png,50564.png,0.03573835
4_train,18551.png,22584.png,0.03585267
4_train,46498.png,17576.png,0.03590834
4_train,35490.png,31114.png,0.035908878
4_train,47198.png,1440.png,0.036078155
4_train,10960.png,40288.png,0.03609675
4_train,26858.png,54960.png,0.036140382
4_train,31114.png,1110.png,0.036380768
4_train,12922.png,6810.png,0.03648722
4_train,17276.png,31114.png,0.036528707
4_train,31114.png,24302.png,0.036680043
4_train,52279.png,2608.png,0.036732674
4_train,34808.png,12922.png,0.036798537
4_train,4952.png,22584.png,0.03687948
4_train,31114.png,5880.png,0.037127793
4_train,56320.png,12922.png,0.037130356
4_train,50844.png,54452.png,0.037155926
4_train,54936.png,31114.png,0.0371629
4_train,41950.png,4952.png,0.037215352
4_train,35490.png,12922.png,0.037229717
4_train,54960.png,24514.png,0.037419736
4_train,24514.png,44998.png,0.03758025
4_train,6810.png,13520.png,0.03779328
4_train,31114.png,37884.png,0.03791207
4_train,22584.png,16068.png,0.037931025
4_train,55490.png,57076.png,0.038005114
4_train,54960.png,52279.png,0.038029432
4_train,55490.png,31453.png,0.0380615
4_train,52279.png,31114.png,0.038103998
4_train,31114.png,18724.png,0.038291097
4_train,54452.png,4952.png,0.038295567
4_train,41079.png,17576.png,0.038309395
4_train,39080.png,52279.png,0.03837967
4_train,31114.png,39866.png,0.03842944
4_train,31114.png,2050.png,0.038444877
4_train,12922.png,5936.png,0.038448095
4_train,24514.png,1440.png,0.03853208
4_train,5936.png,40766.png,0.038726866
4_train,16450.png,6810.png,0.038752675
4_train,40288.png,12922.png,0.038787603
4_train,576.png,4952.png,0.038831472
4_train,31114.png,754.png,0.03892988
4_train,22580.png,31114.png,0.038956463
4_train,35490.png,17926.png,0.039040267
4_train,31114.png,35725.png,0.03904456
4_train,40766.png,52279.png,0.039117455
4_train,49398.png,17576.png,0.039136052
4_train,17822.png,17576.png,0.039162576
4_train,5936.png,31114.png,0.039219916
4_train,35490.png,10626.png,0.039248347
4_train,39080.png,5936.png,0.03925693
4_train,54452.png,51170.png,0.039323866
4_train,7489.png,55490.png,0.03936398
4_train,55418.png,17926.png,0.039376676
4_train,34808.png,17926.png,0.03938973
4_train,31114.png,55416.png,0.039438546
4_train,55490.png,25613.png,0.03950602
4_train,10928.png,31114.png,0.03951764
4_train,29206.png,17576.png,0.039622545
4_train,54452.png,13520.png,0.039627314
4_train,10960.png,54452.png,0.039678514
4_train,36296.png,40288.png,0.039788604
4_train,12922.png,48959.png,0.039791107
4_train,1440.png,40288.png,0.03979528
4_train,20234.png,6810.png,0.039839983
4_train,54452.png,31114.png,0.039916098
4_train,40288.png,10626.png,0.039934874
4_train,18056.png,31114.png,0.039938986
4_train,17576.png,22584.png,0.040073454
4_train,57076.png,39080.png,0.04013002
4_train,48892.png,31114.png,0.04015374
4_train,20932.png,40288.png,0.04027438
4_train,42455.png,31114.png,0.04030472
4_train,40288.png,16068.png,0.040321827
5_train,57942.png,34365.png,0.0025319457
5_train,34365.png,29870.png,0.0056370497
5_train,36774.png,5414.png,0.0066818595
5_train,12572.png,5414.png,0.006855428
5_train,7740.png,34365.png,0.0074959397
5_train,51990.png,57461.png,0.009185553
5_train,34365.png,12572.png,0.010133147
5_train,51990.png,6431.png,0.010215938
5_train,14389.png,47940.png,0.010645568
5_train,13699.png,30448.png,0.010989428
5_train,51990.png,11115.png,0.0115814805
5_train,36774.png,13699.png,0.011630714
5_train,49460.png,5414.png,0.012006223
5_train,34365.png,36774.png,0.012076497
5_train,59993.png,51990.png,0.012154818
5_train,34365.png,37448.png,0.012576759
5_train,53715.png,36774.png,0.012584925
5_train,34365.png,31242.png,0.012665391
5_train,50322.png,34365.png,0.012676775
5_train,55322.png,57461.png,0.013050497
5_train,34626.png,34365.png,0.013499618
5_train,24180.png,34365.png,0.013597846
5_train,53715.png,2758.png,0.013723671
5_train,59960.png,10286.png,0.014916658
5_train,57156.png,22783.png,0.015087962
5_train,59960.png,14854.png,0.0151132345
5_train,37606.png,53715.png,0.015219152
5_train,5414.png,51990.png,0.015399754
5_train,51990.png,59968.png,0.015575945
5_train,12572.png,53715.png,0.015703857
5_train,11115.png,47940.png,0.016383052
5_train,5414.png,24180.png,0.016739845
5_train,5414.png,55322.png,0.01695931
5_train,36774.png,14389.png,0.01716566
5_train,56813.png,41693.png,0.017172635
5_train,14218.png,34365.png,0.017436862
5_train,42447.png,48971.png,0.01745683
5_train,53715.png,24180.png,0.018172503
5_train,30448.png,34365.png,0.018318474
5_train,56813.png,36332.png,0.018642366
5_train,13248.png,22783.png,0.018908322
5_train,47940.png,38610.png,0.020063281
5_train,47940.png,56939.png,0.020076394
5_train,34365.png,42046.png,0.02023077
5_train,2758.png,34365.png,0.020284474
5_train,34841.png,28512.png,0.020606339
5_train,17543.png,32720.png,0.020679593
5_train,26034.png,57055.png,0.021284282
5_train,39972.png,34365.png,0.021409988
5_train,50650.png,34365.png,0.021906257
5_train,57055.png,54880.png,0.02201724
5_train,13460.png,57055.png,0.02205956
5_train,5414.png,21034.png,0.02221179
5_train,22783.png,31768.png,0.022714853
5_train,20837.png,51990.png,0.023035109
5_train,56939.png,36774.png,0.023106456
5_train,47940.png,34365.png,0.023123503
5_train,13699.png,14854.png,0.02315414
5_train,34365.png,37551.png,0.023185313
5_train,8023.png,36774.png,0.023335278
5_train,22783.png,27296.png,0.02349484
5_train,35274.png,52121.png,0.023676038
5_train,42447.png,42267.png,0.023783147
5_train,56813.png,5688.png,0.023804426
5_train,42447.png,56813.png,0.023937285
5_train,45470.png,56813.png,0.02406764
5_train,57942.png,53715.png,0.024290383
5_train,39021.png,57182.png,0.024296999
5_train,13732.png,22783.png,0.024422884
5_train,34821.png,38360.png,0.02453065
5_train,34817.png,28748.png,0.02461958
5_train,12572.png,14389.png,0.02466172
5_train,30980.png,38610.png,0.024666846
5_train,52121.png,32757.png,0.024710119
5_train,8023.png,12572.png,0.024824321
5_train,47940.png,53715.png,0.024855852
5_train,24180.png,56360.png,0.024992287
5_train,22801.png,36774.png,0.024993718
5_train,52255.png,46924.png,0.025114357
5_train,34002.png,14218.png,0.02526325
5_train,38577.png,42447.png,0.025535762
5_train,35702.png,34821.png,0.02562058
5_train,59960.png,55958.png,0.025630057
5_train,38610.png,50650.png,0.025660813
5_train,2461.png,47940.png,0.02567178
5_train,38655.png,42447.png,0.02573651
5_train,49460.png,38610.png,0.025998235
5_train,56813.png,13619.png,0.026057303
5_train,34821.png,37830.png,0.026070356
5_train,47848.png,22783.png,0.0260908
5_train,8744.png,53715.png,0.026113093
5_train,9607.png,51990.png,0.026168108
5_train,56813.png,57182.png,0.026413202
5_train,56813.png,21360.png,0.02641344
5_train,31687.png,34821.png,0.02643317
5_train,34365.png,5550.png,0.026550174
5_train,34002.png,42046.png,0.026590943
5_train,27627.png,59960.png,0.026633322
5_train,27002.png,22783.png,0.026727319
5_train,34365.png,37606.png,0.02680087
6_train,35026.png,3136.png,0.026654422
6_train,53398.png,3136.png,0.036594868
6_train,18908.png,3136.png,0.03693819
6_train,3136.png,4170.png,0.03817445
6_train,3136.png,2588.png,0.041342437
6_train,12220.png,3136.png,0.041778445
6_train,27812.png,47962.png,0.042589724
6_train,3136.png,35734.png,0.042608976
6_train,53398.png,39709.png,0.043056488
6_train,3136.png,38936.png,0.04340571
6_train,9860.png,3136.png,0.04461646
6_train,770.png,3136.png,0.045167685
6_train,28066.png,15183.png,0.04571253
6_train,34698.png,3136.png,0.047040224
6_train,44128.png,3136.png,0.04726541
6_train,35026.png,45580.png,0.04765016
6_train,16188.png,18220.png,0.04803455
6_train,8224.png,9075.png,0.048213482
6_train,3136.png,15134.png,0.048914313
6_train,30856.png,3136.png,0.049476624
6_train,24616.png,3136.png,0.049906433
6_train,56210.png,3136.png,0.050242662
6_train,22962.png,3136.png,0.050625622
6_train,24934.png,53398.png,0.05179417
6_train,34765.png,53398.png,0.051964164
6_train,3136.png,21126.png,0.05212629
6_train,18904.png,53398.png,0.05241728
6_train,24944.png,3136.png,0.052480757
6_train,53398.png,45580.png,0.05387664
6_train,8224.png,49083.png,0.05470735
6_train,30770.png,53398.png,0.05471486
6_train,27812.png,26483.png,0.05505222
6_train,3136.png,47611.png,0.055128098
6_train,48945.png,8224.png,0.05530882
6_train,55626.png,24242.png,0.05643308
6_train,14764.png,8224.png,0.05650854
6_train,30770.png,35026.png,0.05665064
6_train,3136.png,13912.png,0.05745393
6_train,9075.png,51354.png,0.058798015
6_train,28066.png,47209.png,0.05910158
6_train,3757.png,3136.png,0.059154034
6_train,55112.png,55626.png,0.05935037
6_train,53398.png,10089.png,0.05938959
6_train,31521.png,50584.png,0.05974275
6_train,48945.png,28066.png,0.059768975
6_train,3229.png,51354.png,0.059771895
6_train,57641.png,28066.png,0.061264932
6_train,19206.png,26511.png,0.061316192
6_train,8224.png,388.png,0.06147319
6_train,49083.png,28066.png,0.06233847
6_train,28066.png,58554.png,0.06260234
6_train,24616.png,18904.png,0.06281829
6_train,47631.png,3136.png,0.06299698
6_train,50402.png,28066.png,0.063016534
6_train,26114.png,21128.png,0.06303668
6_train,35026.png,18904.png,0.063183546
6_train,34100.png,3136.png,0.06339437
6_train,48054.png,28066.png,0.06340265
6_train,12220.png,30770.png,0.0635196
6_train,16188.png,14764.png,0.06354624
6_train,1515.png,26511.png,0.06360704
6_train,51354.png,24242.png,0.06381953
6_train,28066.png,3136.png,0.063914955
6_train,23628.png,3136.png,0.063981056
6_train,45580.png,35734.png,0.064219
6_train,39528.png,28066.png,0.06440729
6_train,28066.png,49960.png,0.06446266
6_train,29169.png,38379.png,0.06470573
6_train,48114.png,55626.png,0.064714074
6_train,21772.png,14764.png,0.06482923
6_train,18220.png,8224.png,0.06499702
6_train,39709.png,35026.png,0.065083146
6_train,50425.png,28066.png,0.065113485
6_train,35734.png,58554.png,0.06527847
6_train,13964.png,53398.png,0.06602192
6_train,6954.png,28066.png,0.06614727
6_train,54788.png,3136.png,0.06638187
6_train,3136.png,44644.png,0.066639304
6_train,50584.png,8799.png,0.06692994
6_train,7202.png,3136.png,0.06693941
6_train,50584.png,27812.png,0.067228794
6_train,24184.png,51354.png,0.067344606
6_train,3136.png,27703.png,0.067374825
6_train,49083.png,26511.png,0.06738752
6_train,55626.png,50276.png,0.06742227
6_train,58111.png,53398.png,0.06745279
6_train,26511.png,42729.png,0.06755942
6_train,27812.png,57409.png,0.06759286
6_train,18904.png,30856.png,0.067675054
6_train,26511.png,45127.png,0.06773144
6_train,43979.png,28066.png,0.06792873
6_train,40849.png,26511.png,0.06803322
6_train,21128.png,50584.png,0.06805152
6_train,28066.png,23566.png,0.06809682
6_train,53398.png,50856.png,0.06837064
6_train,14453.png,26511.png,0.06845456
6_train,4170.png,18904.png,0.06879467
6_train,27812.png,22035.png,0.06884241
6_train,55626.png,58549.png,0.06884414
6_train,1435.png,26511.png,0.0688467
7_train,20720.png,45811.png,0.012303412
7_train,41535.png,28670.png,0.02169317
7_train,15554.png,41535.png,0.023234665
7_train,9235.png,5068.png,0.026300251
7_train,57672.png,16264.png,0.026333451
7_train,1127.png,586.png,0.026817739
7_train,5068.png,31300.png,0.027348936
7_train,16264.png,14522.png,0.028721213
7_train,28670.png,44323.png,0.028827786
7_train,16264.png,50664.png,0.029065311
7_train,16264.png,28670.png,0.02933234
7_train,52486.png,28670.png,0.029452503
7_train,28670.png,586.png,0.029591799
7_train,46009.png,5068.png,0.02976054
7_train,49933.png,20720.png,0.030183792
7_train,15554.png,15671.png,0.030267596
7_train,46009.png,15554.png,0.03057921
7_train,15554.png,27194.png,0.030593038
7_train,46009.png,49120.png,0.030771554
7_train,50536.png,16264.png,0.030817926
7_train,53629.png,5068.png,0.03084886
7_train,39048.png,28670.png,0.030897498
7_train,19534.png,16264.png,0.030933142
7_train,28670.png,7226.png,0.031083822
7_train,29931.png,28670.png,0.031299293
7_train,45973.png,15554.png,0.031307995
7_train,46081.png,49120.png,0.031665802
7_train,43998.png,27265.png,0.031757474
7_train,28670.png,29432.png,0.03186041
7_train,31300.png,15554.png,0.031893194
7_train,1821.png,19534.png,0.031907856
7_train,15554.png,46081.png,0.03201592
7_train,28670.png,14238.png,0.032103002
7_train,28670.png,41527.png,0.03226936
7_train,28670.png,20579.png,0.032399297
7_train,27265.png,24990.png,0.03245312
7_train,43618.png,16264.png,0.03264928
7_train,53629.png,49120.png,0.032764554
7_train,52052.png,1088.png,0.03281945
7_train,28670.png,54099.png,0.032966137
7_train,27265.png,15554.png,0.03307104
7_train,15554.png,18757.png,0.033263028
7_train,16264.png,28988.png,0.03335458
7_train,49933.png,50426.png,0.03337443
7_train,15554.png,33134.png,0.03348297
7_train,38242.png,32236.png,0.033528745
7_train,26575.png,37100.png,0.033537865
7_train,19534.png,13651.png,0.033584893
7_train,19534.png,52486.png,0.033651292
7_train,28670.png,50708.png,0.033813655
7_train,28670.png,20557.png,0.033946097
7_train,28670.png,34410.png,0.034032047
7_train,28670.png,3640.png,0.034032583
7_train,19534.png,33134.png,0.034108102
7_train,56591.png,16264.png,0.034133315
7_train,5068.png,46081.png,0.034157157
7_train,13192.png,15554.png,0.03432125
7_train,28670.png,29951.png,0.03432721
7_train,3840.png,5068.png,0.03441757
7_train,11400.png,15554.png,0.034534395
7_train,28670.png,55238.png,0.034541905
7_train,586.png,19534.png,0.034543276
7_train,16264.png,44972.png,0.034585774
7_train,50664.png,586.png,0.034709036
7_train,7730.png,1088.png,0.034773648
7_train,35842.png,19534.png,0.034821153
7_train,10202.png,16264.png,0.03482479
7_train,37100.png,6722.png,0.034870505
7_train,6722.png,51862.png,0.034894943
7_train,19534.png,31477.png,0.034910858
7_train,13651.png,6722.png,0.034978986
7_train,46009.png,24990.png,0.035170317
7_train,20557.png,19534.png,0.03517598
7_train,9235.png,48170.png,0.035176516
7_train,28670.png,3087.png,0.035187185
7_train,32364.png,16264.png,0.035224915
7_train,41280.png,9235.png,0.03528732
7_train,45973.png,5068.png,0.035389602
7_train,1088.png,57672.png,0.03539008
7_train,16264.png,30764.png,0.035413265
7_train,5986.png,28670.png,0.03541416
7_train,51988.png,18910.png,0.035423517
7_train,28670.png,27057.png,0.035451174
7_train,5068.png,30912.png,0.035610795
7_train,5068.png,58078.png,0.03561461
7_train,19534.png,32266.png,0.03570044
7_train,19534.png,41661.png,0.035701096
7_train,15554.png,20579.png,0.03577727
7_train,1821.png,5068.png,0.035793364
7_train,22497.png,58583.png,0.035805345
7_train,47416.png,5068.png,0.035841405
7_train,21662.png,16264.png,0.03585297
7_train,19534.png,41328.png,0.035881758
7_train,16264.png,31485.png,0.035906553
7_train,15554.png,1821.png,0.035911977
7_train,14238.png,49364.png,0.035959125
7_train,16264.png,14755.png,0.03597206
7_train,19534.png,14814.png,0.035982788
7_train,20579.png,19534.png,0.03604567
7_train,59602.png,19534.png,0.036046147
8_train,45954.png,1120.png,0.082057
8_train,8761.png,12032.png,0.089977086
8_train,30777.png,10064.png,0.09553981
8_train,10064.png,55368.png,0.096306086
8_train,1120.png,49543.png,0.09681147
8_train,42504.png,25232.png,0.097801626
8_train,10358.png,33074.png,0.09808552
8_train,25986.png,30545.png,0.09825772
8_train,43109.png,42504.png,0.100507855
8_train,31972.png,8761.png,0.100822926
8_train,1120.png,7851.png,0.1013515
8_train,14478.png,10064.png,0.10219246
8_train,10064.png,25232.png,0.102320135
8_train,10064.png,42987.png,0.10553306
8_train,17609.png,1120.png,0.10594034
8_train,53006.png,10358.png,0.1066218
8_train,6808.png,1120.png,0.10763687
8_train,32253.png,35232.png,0.10766798
8_train,26471.png,418.png,0.108205736
8_train,42504.png,43069.png,0.1088773
8_train,10064.png,19005.png,0.10902524
8_train,42504.png,47317.png,0.10945338
8_train,42504.png,26471.png,0.10953909
8_train,36834.png,30147.png,0.10968357
8_train,30147.png,13014.png,0.110100865
8_train,8761.png,58595.png,0.11034793
8_train,1120.png,47274.png,0.11092889
8_train,57090.png,1120.png,0.111420095
8_train,1120.png,26515.png,0.111797154
8_train,8761.png,35232.png,0.11230332
8_train,45207.png,10358.png,0.11287075
8_train,42504.png,24981.png,0.113072276
8_train,10064.png,32018.png,0.11316192
8_train,19041.png,35232.png,0.113196135
8_train,40064.png,42504.png,0.11325556
8_train,11482.png,1120.png,0.11333835
8_train,35232.png,8867.png,0.11336231
8_train,48588.png,42504.png,0.11338711
8_train,35232.png,52171.png,0.11365646
8_train,53872.png,9611.png,0.11382288
8_train,44172.png,17499.png,0.11423677
8_train,418.png,34422.png,0.11461371
8_train,30147.png,16951.png,0.11494964
8_train,8761.png,58593.png,0.11502612
8_train,11734.png,418.png,0.11506438
8_train,55368.png,42504.png,0.1154784
8_train,16730.png,42504.png,0.1157136
8_train,418.png,53556.png,0.11574513
8_train,35232.png,11625.png,0.11596453
8_train,1120.png,54896.png,0.11597431
8_train,10064.png,25482.png,0.11599243
8_train,23400.png,418.png,0.11601293
8_train,1120.png,17641.png,0.116153955
8_train,30777.png,42504.png,0.116426885
8_train,53854.png,418.png,0.11651814
8_train,42504.png,7359.png,0.11680281
8_train,47421.png,10064.png,0.11723524
8_train,16951.png,8761.png,0.11780906
8_train,35232.png,58787.png,0.11832422
8_train,30147.png,12032.png,0.11835796
8_train,17499.png,1120.png,0.11838019
8_train,10064.png,30635.png,0.11862594
8_train,3040.png,8761.png,0.11863744
8_train,33150.png,7231.png,0.118652046
8_train,17641.png,33150.png,0.11874086
8_train,30775.png,10064.png,0.11874735
8_train,11258.png,418.png,0.11892861
8_train,35232.png,50346.png,0.118955314
8_train,8761.png,11210.png,0.11902124
8_train,11734.png,46025.png,0.119297385
8_train,42504.png,27729.png,0.119449556
8_train,35232.png,45057.png,0.11974752
8_train,47034.png,42504.png,0.119936764
8_train,1120.png,26471.png,0.12002605
8_train,56866.png,418.png,0.1201002
8_train,20116.png,26471.png,0.12027258
8_train,10064.png,10187.png,0.12029457
8_train,30147.png,42504.png,0.12073833
8_train,49563.png,1120.png,0.12074667
8_train,51803.png,10064.png,0.12081772
8_train,55368.png,35232.png,0.12082726
8_train,23350.png,9611.png,0.12088835
8_train,1120.png,49525.png,0.12090963
8_train,10358.png,9686.png,0.12090999
8_train,13014.png,43242.png,0.12093347
8_train,30781.png,10064.png,0.121012986
8_train,28506.png,418.png,0.121061325
8_train,53248.png,25986.png,0.12110156
8_train,10064.png,52719.png,0.1211831
8_train,1120.png,20363.png,0.12126368
8_train,12466.png,7231.png,0.12129295
8_train,9762.png,42504.png,0.12130797
8_train,5078.png,7215.png,0.12142217
8_train,1120.png,7797.png,0.12154466
8_train,46368.png,7638.png,0.12161809
8_train,12190.png,53872.png,0.12165314
8_train,19137.png,10064.png,0.1216951
8_train,40882.png,418.png,0.121804655
8_train,26362.png,25986.png,0.121944726
8_train,42504.png,9924.png,0.12225187
9_train,40804.png,2798.png,0.014829755
9_train,32256.png,2798.png,0.017886817
9_train,600.png,2798.png,0.01818055
9_train,2798.png,25900.png,0.02168274
9_train,2798.png,20054.png,0.021844566
9_train,48224.png,2798.png,0.022922635
9_train,13728.png,2798.png,0.023946404
9_train,49442.png,2798.png,0.024355412
9_train,49690.png,2798.png,0.02570653
9_train,21302.png,2798.png,0.025797725
9_train,27968.png,2798.png,0.025969088
9_train,2798.png,43058.png,0.026000619
9_train,2798.png,38809.png,0.027314365
9_train,2798.png,21592.png,0.02751112
9_train,2798.png,3745.png,0.027778447
9_train,2798.png,54335.png,0.027892768
9_train,2798.png,45756.png,0.027985394
9_train,5746.png,9876.png,0.028088748
9_train,58034.png,2798.png,0.028289974
9_train,46609.png,2798.png,0.028442144
9_train,2798.png,55224.png,0.02903235
9_train,22246.png,9876.png,0.029087782
9_train,20462.png,2798.png,0.029311955
9_train,2798.png,45980.png,0.029401898
9_train,31986.png,2798.png,0.0295555
9_train,2798.png,13050.png,0.029570937
9_train,2798.png,7756.png,0.029655993
9_train,2798.png,29236.png,0.029833913
9_train,14254.png,2798.png,0.030109465
9_train,2798.png,26220.png,0.030903995
9_train,42118.png,2798.png,0.030945122
9_train,2798.png,24684.png,0.031574488
9_train,9132.png,2798.png,0.031632543
9_train,2798.png,30010.png,0.03230232
9_train,3310.png,2798.png,0.03253287
9_train,2798.png,15860.png,0.03262645
9_train,2798.png,11464.png,0.03264028
9_train,3982.png,2798.png,0.03264779
9_train,34248.png,2798.png,0.032932818
9_train,2798.png,30138.png,0.033042848
9_train,23166.png,2798.png,0.03388703
9_train,31652.png,2798.png,0.034326553
9_train,2798.png,6272.png,0.034582317
9_train,2798.png,35080.png,0.034683168
9_train,9876.png,35812.png,0.03555399
9_train,2798.png,45352.png,0.035645783
9_train,55240.png,9876.png,0.036195815
9_train,29322.png,9876.png,0.036203265
9_train,44592.png,2798.png,0.036438227
9_train,31142.png,2798.png,0.03649074
9_train,14790.png,22246.png,0.036918223
9_train,1284.png,2798.png,0.036923528
9_train,9876.png,56607.png,0.037160575
9_train,2798.png,18860.png,0.037214935
9_train,55240.png,2798.png,0.0373109
9_train,2798.png,29693.png,0.03738886
9_train,10478.png,2798.png,0.037469387
9_train,27226.png,40804.png,0.03780657
9_train,2798.png,58006.png,0.038243055
9_train,2798.png,3649.png,0.038587987
9_train,2798.png,21336.png,0.038607717
9_train,29322.png,2798.png,0.038756073
9_train,18382.png,2798.png,0.038917422
9_train,2798.png,51200.png,0.03914368
9_train,2798.png,52340.png,0.03925979
9_train,45762.png,2798.png,0.03944248
9_train,9876.png,14254.png,0.039558828
9_train,46444.png,2798.png,0.039642036
9_train,133.png,2798.png,0.039937854
9_train,24914.png,2798.png,0.03996992
9_train,2798.png,36172.png,0.040023208
9_train,2798.png,43094.png,0.040041387
9_train,2798.png,47974.png,0.040072978
9_train,38248.png,2798.png,0.040186226
9_train,58034.png,27226.png,0.040285826
9_train,58088.png,2798.png,0.04032582
9_train,2798.png,15146.png,0.04033214
9_train,19558.png,48224.png,0.040355563
9_train,2798.png,29731.png,0.040396452
9_train,27226.png,25900.png,0.040462434
9_train,26594.png,2798.png,0.04047233
9_train,2798.png,5390.png,0.040552676
9_train,1937.png,2798.png,0.040650427
9_train,2798.png,58616.png,0.040681303
9_train,2798.png,2514.png,0.04104495
9_train,2798.png,26844.png,0.041416705
9_train,8626.png,2798.png,0.041524053
9_train,2798.png,47836.png,0.041620195
9_train,9876.png,33756.png,0.041909695
9_train,2798.png,11366.png,0.042035937
9_train,48224.png,902.png,0.042201698
9_train,2798.png,34878.png,0.042203546
9_train,5402.png,40804.png,0.042277157
9_train,50020.png,2798.png,0.04246539
9_train,9876.png,32256.png,0.04247868
9_train,24914.png,9876.png,0.04249096
9_train,2798.png,39096.png,0.042494
9_train,2798.png,2860.png,0.04279965
9_train,2798.png,36945.png,0.04302305
9_train,9876.png,600.png,0.043134212
